<?xml version="1.0" encoding="UTF-8"?>
<beans xmlns="http://www.springframework.org/schema/beans"
xmlns:xsi="http://www.w3.org/2001/XMLSchema-instance"
xmlns:aop="http://www.springframework.org/schema/aop"
xsi:schemaLocation="http://www.springframework.org/schema/beans
http://www.springframework.org/schema/beans/spring-beans-4.0.xsd">

<bean id="address" class="com.capgemini.Address">
 <property name="city" value="Hyderabad"></property>
 
 
 </bean>
 


<bean id="emp" class="com.capgemini.Employee" autowire="constructor" scope="prototype">
     <constructor-arg name="ename" value="sushma" type="" index="1"></constructor-arg>
    <constructor-arg name="id" value="101" type="" index="0"></constructor-arg>
    <constructor-arg name="salary" value="20000" type="" index="2"></constructor-arg> 
 
<property name="id" value="100"></property>
<property name="ename">
<value>Sushma</value>
</property>
 <property name="salary" value="200000"></property>
  <!--<property name="address" ref="addr" >
 
 <bean class="com.capgemini.Address">
 <property name="city" value="Hyderabad"></property>
 
 
 </bean>
 
 
 </property> -->
 
 <property name="skills">
 
 <list >
 
 <value>Java</value>
 <value>Sql</value>
 <value>spring</value>
 <value>Angular</value>
 </list>

 </property>
 <property name="projects">
 <map>
 <entry key="1" value="sushma"></entry>
  <entry key="2" value="rasagna"></entry>
   <entry key="3" value="priya"></entry>
 </map>
 
 
 </property>
 <property name="teamMates">
 
 <props>
<prop key="HarryPotter">The magic property</prop>
<prop key="JerrySeinfeld">The funny property</prop>
</props>
 
 </property>
 
 
</bean>


</beans>